royal canin,eukanuba,pro plan,purina one,felix,gourmet,dreami,cesar,chappi,kitekat,natur tabl,pedigre,perfect fit,sheba,whiska
kitten сухой корм для котёнок период второй фаза рост до 12 месяц 1.2 кг 1 шт@160,adult dog влажный корм для взрослый собака курица соус паучахнуть 100 г 24 шт@458,purina veterinari diet nf renal function earli care влажный корм для кошка при начальный стадия хпн курица паучахнуть 85 г 10 шт@156,сухой корм для стерилизовать кошка лосось 9.75 кг 1 шт@948,двойной вкуснятина сухой корм для котёнок курица 600 г 1 шт@928,prostar adult cat сухой корм для взрослый кошка курица рыба подарок 1 кг 1 шт@768,,,,,,,,,
sensibl 33 сухой корм для взрослый кошка чувствительный пищеварительный система 1.2 кг 1 шт@223,adult toy breed сухой корм для взрослый собака миниатюрный порода птица 3.5 кг 1 шт@515,набор паучий purina kitten для котёнок говядина индейка курица 85 г 10 шт@274,сухой корм для взрослый стерилизовать кошка говядина пшеница 750 г 1 шт@2319,двойной вкуснятина сухой корм для взрослый кошка рыба 200 г 1 шт@989,pawpaw adult cat food сухой корм для кошка 1 кг 1 шт@1706,,,,,,,,,
sterilis 37 сухой корм для взрослый стерилизовать кошка 1.2 кг 1 шт@248,cat hairbal сухой корм для взрослый кошка для вывод шерсть птица 2 кг 1 шт@644,cat adult sterilis optiren сухой корм для взрослый стерилизовать кошка кролик 10 кг 1 шт@396,сухой корм для взрослый стерилизовать кошка жить домашний условие курица цельный злак 750 г 1 шт@2412,двойной вкуснятина сухой корм для взрослый кошка мясо 10 кг 1 шт@1035,myfood felin adult multicolor multicat with chicken сухой корм для кошка курица 1.5 кг 1 шт@2015,,,,,,,,,
urinari so LP34 сухой корм для взрослый кошка для лечение профилактика мочекаменный болезнь 400 г 1 шт@367,dog puppi влажный корм для щенок курица соус паучахнуть 85 г 24 шт@674,purina veterinari diet nf renal function advanc care влажный корм для кошка для поддержание функция почка на поздний стадия хронический почечный недостаточность лосось паучахнуть 85 г 10 шт@401,mini сухой корм для собака мелкий порода склонный набор вес индейка рис 1.5 кг 1 шт@2431,мясной объедение сухой корм для взрослый кошка курица 10 кг 1 шт@1323,prostar adult cat сухой корм для взрослый кошка курица рыба 15 кг 1 шт@3023,,,,,,,,,
xsmall adult сухой корм для взрослый собака миниатюрный порода от 10 месяц до од 8 г 1 шт@375,adult cat влажный корм для взрослый кошка лосось соус 85 г 24 шт@782,набор паучий purina nutrisavour delic для кошка чувствительный пищеварение индейка ягнёнок 85 г 10 шт@438,сухой корм для котёнок курица цельный злак 750 г 1 шт@2699,аппетитный кусочек влажный корм для кошка мультипак курица индейка говядина кролик желе паучахнуть 75 г 52 шт@1839,mystic adult cat food сухой корм для кошка 1.5 кг 1 шт@3060,,,,,,,,,
age sterilis 12 сухой корм для пожилой стерилизовать кошка старший од птица 12 г 1 шт@465,cat senior сухой корм для пожилой кошка домашний птица 400 г 1 шт@912,набор паучий purina sterilis для стерилизовать кошка кастрировать кот говядина индейка рыба 85 г 10 шт@541,сухой корм для взрослый стерилизовать кошка говядина пшеница 3 кг 1 шт@2734,sensat набор паучий для кошка курица говядина утка индейка 75 г 52 шт@1858,granplu dog сухой корм для взрослый собака мелкий порода индейка рис 3 кг 1 шт@3864,,,,,,,,,
exig protein prefer сухой корм для взрослый кошка привередливый состав 400 г 1 шт@509,matur senior сухой корм для пожилой собака крупный порода старший од курица 6 г 1 шт@1064,кормовой добавка для кошка pvd fortiflora 30 пакетик 30 г 1 шт@612,сухой корм для взрослый собака средний крупный порода говядина рис 3.8 кг 1 шт@2872,двойной вкуснятина сухой корм для взрослый кошка мясо 200 г 1 шт@1868,granplu cat sterilis сухой корм для взрослый стерилизовать кастрировать кот кошка индейка рис 10.1 кг 1 шт@3871,,,,,,,,,
medium adult сухой корм для взрослый собака средний порода свинина 3 кг 1 шт@531,adult sterilis weight control сухой корм для взрослый стерилизовать кошка кошка ожирение 400 г 1 шт@1215,cat adult eleg optiderma сухой корм для взрослый кошка для здоровье шерсть кожа лосось 1.5 кг 1 шт@624,сухой корм для взрослый кошка чувствительный пищеварение разборчивый вкус еда индейка рис 1.5 кг 1 шт@2917,влажный корм для взрослый кошка суп треска паучахнуть 48 г 36 шт@2285,granplu dog сухой корм для взрослый собака мелкий порода индейка рис 1 кг 1 шт@4056,,,,,,,,,
french bulldog adult сухой корм для взрослый собака порода французский бульдог 3 кг 1 шт@534,cat hairbal сухой корм для взрослый кошка для вывод шерсть птица 400 г 1 шт@1278,сухой корм для кошка veterinari diet nf renal function earli care начальный стадия для поддержание функция почка при хронический почечный недостаточность 350 г 1 шт@657,сухой корм для пожилой кошка старший од курица злак 11 г 1 шт@3134,влажный корм для взрослый кошка суп курица паучахнуть 48 г 36 шт@2362,granplu dog сухой корм для взрослый собака мелкий порода лосось цыплёнок 1 кг 1 шт@4355,,,,,,,,,
hairbal care сухой корм для взрослый кошка для выведение шерсть из желудок 400 г 1 шт@576,adult toy breed сухой корм для взрослый собака миниатюрный порода птица 500 г 1 шт@1291,purina veterinari diet hydra care пищевой добавка для кошка для увеличение потребление вода соус паучахнуть 85 г 10 шт@696,сухой корм для взрослый стерилизовать кошка лосось пшеница 1.5 кг 1 шт@3185,sensat влажный корм для взрослый кошка супервкус индейка ягода паучахнуть 75 г 26 шт@2369,натуральный рецепт влажный корм для кошка томлёный индейка горошек паучахнуть 75 г 26 шт@180,,,,,,,,,
gastrointestin low fat small dog сухой корм для взрослый собака мелкий порода при нарушение пищеварение 1 кг 1 шт@579,kitten healthi start сухой корм для котёнок беременная кормить кошка курица 400 г 1 шт@1304,cat senior sterilis longevi сухой корм для пожилой стерилизовать кошка старший од индейка 7 г 1 шт@731,mini влажный корм для взрослый собака мелкий порода курица морковь зелёный фасоль подлив паучахнуть 85 г 26 шт@3234,sensat влажный корм для взрослый кошка треск томат удивительный соус паучахнуть 75 г 26 шт@2680,натуральный рецепт влажный корм для кошка тушёный говядина томат паучахнуть 75 г 26 шт@221,,,,,,,,,
mini starter mother babydog сухой корм для щенок беременная лактировать сука мелкий порода 1 кг 1 шт@596,dog adult labrador retriev сухой корм для взрослый собака порода лабрадорретривер 10 кг 1 шт@1404,cat senior sterilis longevi сухой корм для пожилой стерилизовать кошка старший од индейка 7 г 1 шт@764,mini влажный корм для собака мелкий порода при низкий физический активность или склонный набор вес индейка морковь горох кусочек соус паучахнуть 85 г 26 шт@3358,двойной вкуснятина сухой корм для взрослый кошка мясо 1.3 кг 1 шт@2879,перл соус делюкс влажный корм для кошка курица роскошный соус паучахнуть 75 г 26 шт@450,,,,,,,,,
mini adult сухой корм для взрослый собака мелкий порода 4 кг 1 шт@605,adult larg breed сухой корм для взрослый собака крупный порода курица 15 кг 1 шт@1472,adult sterilis optiren сухой корм для взрослый стерилизовать кошка индейка 1.5 кг 1 шт@1032,mini влажный корм для взрослый собака мелкий порода чувствительный пищеварение лосось рис морковь подлив паучахнуть 85 г 26 шт@3443,мясной объедение сухой корм для взрослый кошка курица 1.3 кг 1 шт@2978,натуральный рецепт влажный корм для кошка курица на пара морковь паучахнуть 75 г 26 шт@499,,,,,,,,,
chihuahua puppi сухой корм для щенок порода чихуахуа 500 г 1 шт@616,dog adult сухой корм для взрослый собака порода йоркширский терьер 2 кг 1 шт@1492,puppi medium sensit digest optidigest сухой корм для щенок средний порода чувствительный пищеварение ягнёнок 12 кг 1 шт@1091,сухой корм для взрослый кошка жить домашний условие индейка цельный злак 1.5 кг 1 шт@3605,аппетитный кусочек двойной вкуснятина влажный корм для взрослый кошка говядина домашний птица желе паучахнуть 75 г 26 шт@3209,перл нежный филе влажный корм для кошка вкус кролик соус паучахнуть 75 г 26 шт@598,,,,,,,,,
british shorthair adult сухой корм для взрослый кошка порода британский короткошёрстный 2 кг 1 шт@623,cat senior сухой корм для пожилой кошка домашний птица 2 кг 1 шт@1572,влажный корм для собака veterinari diet en gastrointestin при расстройство пищеварение экзокринный недостаточность поджелудочный железа паштет 400 г 12 шт@1117,сухой корм для взрослый стерилизовать кошка лосось пшеница 750 г 1 шт@3630,влажный корм для взрослый кошка суп говядина паучахнуть 48 г 36 шт@3243,перл желе делюкс влажный корм для кошка курица роскошный желе паучахнуть 75 г 26 шт@643,,,,,,,,,
maxi adult сухой корм для взрослый собака крупный порода 15 кг 1 шт@665,adult toy breed сухой корм для взрослый собака миниатюрный порода птица 1.5 кг 1 шт@1666,сухой корм для кошка veterinari diet nf renal function advanc care поздний стадия для поддержание функция почка при хронический почечный недостаточность 1.5 кг 1 шт@1121,сухой корм для взрослый кошка для здоровье шерсть кожа контроль образование волосяной комок курица цельный злак 750 г 1 шт@3869,аппетитный кусочек влажный корм для кошка курица паучахнуть желе 75 г 26 шт@3287,натуральный рецепт влажный корм для кошка лососьгриль зелёный фасоль паучахнуть 75 г 26 шт@671,,,,,,,,,
indoor life adult сухой корм для взрослый собака мелкий порода жить главный образ помещение 500 г 1 шт@676,matur senior сухой корм для пожилой собака крупный порода старший од курица 6 г 1 шт@1678,purina набор паучий для взрослый кошка индейка желе утка соус ягнёнок желе 85 г 40 шт@1125,сухой корм для взрослый кошка курица цельный злак 750 г 1 шт@3877,sensat влажный корм для кошка говядина томат желе паучахнуть 75 г 26 шт@3481,перл нежный филе влажный корм для кошка ягнёнок соус паучахнуть 75 г 26 шт@690,,,,,,,,,
siames сухой корм для взрослый сиамский кошка 2 кг 1 шт@678,adult cat влажный корм для взрослый кошка говядина соус 85 г 24 шт@1915,влажный корм для собака veterinari diet ha hypoallergen для снижение пищевой непереносимость ингредиент питательный вещество паштет 400 г 12 шт@1126,сухой корм для собака средний крупный порода курица рис 1.8 кг 1 шт@3983,аппетитный кусочек влажный корм для взрослый кошка курица томат желе паучахнуть 75 г 26 шт@3527,перл соус делюкс влажный корм для кошка лосось роскошный соус паучахнуть 75 г 26 шт@1632,,,,,,,,,
yorkshir terrier adult сухой корм для взрослый собака порода йоркширский терьер старший од 8 г 1 шт@694,puppi medium breed сухой корм для щенок средний порода курица 3 кг 1 шт@1916,сухой корм для собака veterinari diet drm dermatosi при дерматоз выпадение шерсть 3 кг 1 шт@1172,сухой корм для взрослый кошка жить домашний условие индейка цельный злак 750 г 1 шт@4543,sensat влажный корм для взрослый кошка супервкус говядина сыр паучахнуть 75 г 26 шт@3581,перл мясной дуэт влажный корм для взрослый кошка язык телятина нежный филе соус паучахнуть 75 г 26 шт@1783,,,,,,,,,
renal RF23 для взрослый кошка хронический почечный недостаточность 4 кг 1 шт@709,kitten healthi start сухой корм для котёнок беременная кормить кошка курица 2 кг 1 шт@2011,adult medium larg sensit optidigest grain free сухой беззерновой корм для взрослый собака средний крупный порода чувствительный пищеварение индейка 2.5 кг 1 шт@1176,mini влажный корм для собака мелкий порода при активный образ жизнь утка паста зелёный фасоль кусочек соус паучахнуть 85 г 26 шт@4716,sensat влажный корм для кошка утка шпинат желе паучахнуть 75 г 26 шт@3657,перл соус делюкс влажный корм для кошка говядина роскошный соус паучахнуть 75 г 26 шт@2085,,,,,,,,,
hairbal care сухой корм для взрослый кошка для выведение шерсть из желудок 2 кг 1 шт@742,puppi medium breed сухой корм для щенок средний порода курица 800 г 1 шт@2038,delic optidigest сухой корм для взрослый кошка чувствительный пищеварение или особый предпочтение еда ягнёнок 1.5 кг 1 шт@1203,,sensat влажный корм для взрослый кошка говядина томат соус паучахнуть 75 г 26 шт@3661,перл мясной дуэт влажный корм для взрослый кошка кролик курица нежный филе соус паучахнуть 75 г 26 шт@2143,,,,,,,,,
hypoallergen DR25 сухой корм для взрослый кошка при пищевой аллергия или непереносимость 2.5 кг 1 шт@746,cat adult сухой корм для взрослый кошка птица 400 г 1 шт@2091,delic влажный корм для взрослый кошка при чувствительный пищеварение индейка соус паучахнуть 85 г 26 шт@1207,,sensat влажный корм для взрослый кошка индейка бекон соус паучахнуть 75 г 26 шт@3751,,,,,,,,,,
chihuahua adult сухой корм для взрослый собака порода чихуахуа 1.5 кг 1 шт@763,adult medium breed сухой корм для взрослый собака средний порода курица 3 кг 1 шт@2233,сухой корм для кошка veterinari diet en stox gastrointestin для снижение проявление кишечный расстройство 5 кг 1 шт@1243,,мясной объедение сухой корм для взрослый кошка курица 600 г 1 шт@3786,,,,,,,,,,
gastrointestin GI32 felin сухой корм для взрослый кошка заболевание печень жкт острый хронический характер 2 кг 1 шт@856,adult small breed year сухой корм для взрослый собака мелкий порода 3 кг 1 шт@2500,сухой корм для кошка veterinari diet en stox gastrointestin для снижение проявление кишечный расстройство 400 г 1 шт@1245,,мясной ломтик влажный корм для взрослый кошка утка соус паучахнуть 75 г 26 шт@3804,,,,,,,,,,
mother babycat сухой корм для котёнок возраст от до месяц взрослый кошка период беременность лактация 400 г 1 шт@871,dog adult сухой корм для взрослый собака порода йоркширский терьер 1 кг 1 шт@2602,sterilis влажный корм для взрослый стерилизовать кошка курица соус паучахнуть 85 г 26 шт@1260,,аппетитный кусочек влажный корм для взрослый кошка кролик паучахнуть 75 г 26 шт@3886,,,,,,,,,,
indoor сухой корм для взрослый кошка жить помещение 400 г 1 шт@875,adult dog влажный корм для взрослый собака ягнёнок соус паучахнуть 100 г 24 шт@2655,kitten liveclear сухой корм для котёнок для снижение количество аллерген шерсть индейка 1.4 кг 1 шт@1276,,мясной ломтик влажный корм для взрослый кошка курица соус паучахнуть 75 г 26 шт@3891,,,,,,,,,,
gastrointestin moder calori GIM35 сухой корм для взрослый кошка при нарушение пищеварение 2 кг 1 шт@883,adult larg breed сухой корм для взрослый собака крупный порода курица 3 кг 1 шт@2799,сухой корм для собака veterinari diet en gastrointestin при расстройство пищеварение 1.5 кг 1 шт@1287,,природа вкус влажный корм для взрослый кошка курица паучахнуть 75 г 26 шт@3941,,,,,,,,,,
yorkshir terrier puppi сухой корм для щенок порода йоркширский терьер 500 г 1 шт@944,kitten healthi start сухой корм для котёнок беременная кормить кошка курица 5 кг 1 шт@2851,сухой корм для кошка veterinari diet nf renal function advanc care поздний стадия для поддержание функция почка при хронический почечный недостаточность 350 г 1 шт@1315,,sensat влажный корм для взрослый кошка говядина желе паучахнуть 85 г 26 шт@3994,,,,,,,,,,
main coon adult влажный корм для взрослый кошка порода мэйнкун соус паучахнуть 85 г 24 шт@947,adult small breed сухой корм для взрослый собака мелкий порода курица 15 кг 1 шт@3054,adult smallmini sensit optidigest grain free сухой беззерновой корм для взрослый собака мелкий карликовый порода чувствительный пищеварение индейка 700 г 1 шт@1335,,аппетитный кусочек влажный корм для взрослый кошка ягнёнок паучахнуть 75 г 26 шт@4216,,,,,,,,,,
cocker adult сухой корм для взрослый собака порода кокерспаниель 3 кг 1 шт@956,puppi small breed сухой корм для щенок мелкий порода курица 10 кг 1 шт@3709,сухой корм для собака veterinari diet ha hypoallergen для снижение пищевой непереносимость ингредиент питательный вещество 3 кг 1 шт@1337,,мясной объедение сухой корм для взрослый кошка говядина 600 г 1 шт@4267,,,,,,,,,,
british shorthair сухой корм для взрослый кошка порода британский короткошёрстный 400 г 1 шт@990,puppi larg breed сухой корм для щенок крупный порода курица 15 кг 1 шт@3900,eleg влажный корм для взрослый кошка для здоровье кожа шерсть треска соус паучахнуть 85 г 26 шт@1361,,двойной вкуснятина сухой корм для взрослый кошка птица 600 г 1 шт@4278,,,,,,,,,,
club energi he сухой корм для активный собака 20 кг 1 шт@992,,adult smallmini sensit digest optidigest сухой корм для взрослый собака мелкий карликовый порода чувствительный пищеварение ягнёнок 700 г 1 шт@1392,,sensat влажный корм для взрослый кошка курица морковь желе паучахнуть 75 г 26 шт@4308,,,,,,,,,,
xsmall adult сухой корм для взрослый собака миниатюрный размер от 10 месяц до од 8 г 1 шт@999,,adult smallmini sensit digest optidigest сухой корм для взрослый собака мелкий карликовый порода чувствительный пищеварение ягнёнок 7 кг 1 шт@1494,,природа вкус влажный корм для взрослый кошка говядина паучахнуть 75 г 26 шт@4350,,,,,,,,,,
sterilis сухой корм для стерилизовать кошка старший од 7 г 1 шт@1001,,puppi medium sensit digest optidigest сухой корм для щенок средний порода чувствительный пищеварение ягнёнок рис 1.5 кг 1 шт@1498,,аппетитный кусочек влажный корм для взрослый кошка лосось паучахнуть 75 г 26 шт@4452,,,,,,,,,,
indoor long hair сухой корм для взрослый домашний длинношёрстный кошка 400 г 1 шт@1007,,medium larg athlet sensit skin optiweight сухой корм для пожилой собака старший од средний крупный порода чувствительный кожа лосось 7 г 1 шт@1512,,мясной ломтик влажный корм для взрослый кошка говядина соус паучахнуть 75 г 26 шт@4544,,,,,,,,,,
sterilis 37 сухой корм для взрослый стерилизовать кошка 400 г 1 шт@1013,,adult smallmini sensit optidigest grain free сухой беззерновой корм для взрослый собака мелкий карликовый порода чувствительный пищеварение индейка 2.5 кг 1 шт@1544,,аппетитный кусочек влажный корм для взрослый кошка форель паучахнуть 75 г 26 шт@4572,,,,,,,,,,
sterilis 37 сухой корм для взрослый стерилизовать кошка 4 кг 1 шт@1015,,medium optiderma сухой корм для взрослый собака средний порода чувствительный кожа лосось 3 кг 1 шт@1552,,мясной объедение сухой корм для взрослый кошка курица 200 г 1 шт@4593,,,,,,,,,,
sensibl 33 сухой корм для взрослый кошка чувствительный пищеварительный система 400 г 1 шт@1019,,kitten sterilis optistart сухой корм для стерилизовать котёнок лосось 1.5 кг 1 шт@1557,,аппетитный кусочек двойной вкуснятина влажный корм для взрослый кошка лосось форель желе паучахнуть 75 г 26 шт@4694,,,,,,,,,,
sphynx kitten сухой корм для котёнок порода сфинкс до 12 месяц 400 г 1 шт@1028,,cat adult sterilis optidigest сухой корм для взрослый стерилизовать кошка чувствительный пищеварение курица 1.5 кг 1 шт@1580,,аппетитный кусочек влажный корм для взрослый кошка индейка желе паучахнуть 75 г 26 шт@4705,,,,,,,,,,
sensibl 33сухой корм для взрослый кошка чувствительный пищеварительный система 2 кг 1 шт@1040,,kitten влажный корм для котёнок индейка соус паучахнуть 85 г 26 шт@1586,,,,,,,,,,,,
british shorthair adult сухой корм для взрослый кошка порода британский короткошёрстный 4 кг 1 шт@1049,,adult medium sensit digest optidigest сухой корм для взрослый собака средний порода чувствительный пищеварение ягнёнок 14 кг 1 шт@1625,,,,,,,,,,,,
urinari LP34 felin сухой корм для взрослый кошка для лечение профилактика мочекаменный болезнь 7 кг 1 шт@1061,,delic optidigest сухой корм для взрослый кошка чувствительный пищеварение или особый предпочтение еда индейка 1.5 кг 1 шт@1659,,,,,,,,,,,,
xsmall puppi сухой корм для щенок миниатюрный порода 3 кг 1 шт@1076,,сухой корм для кошка veterinari diet ur stox urinari для взрослый кошка при болезнь нижний отдел мочевыводящий путь курица 350 г 1 шт@1676,,,,,,,,,,,,
urinari care сухой корм для взрослый кошка для профилактика мочекаменный болезнь 400 г 1 шт@1081,,natur element сухой корм для взрослый кошка для здоровье кожа шерсть лосось 1.4 кг 1 шт@1686,,,,,,,,,,,,
mini starter mother babydog сухой корм для щенок мелкий порода до месяц беременная лактировать сука 3 кг 1 шт@1082,,purina actiprotect сухой корм для стерилизовать кошка индейка 1.5 кг 1 шт@1738,,,,,,,,,,,,
gastrointestin GI32 сухой корм для взрослый кошка при нарушение пищеварение 400 г 1 шт@1102,,veterinari diet влажный корм для взрослый кошка при диабет консервы 195 г 24 шт@1740,,,,,,,,,,,,
sterilis 37 сухой корм для взрослый стерилизовать кошка 10 кг 1 шт@1108,,adult smallmini optibal сухой корм для взрослый собака мелкий карликовый порода курица 700 г 1 шт@1745,,,,,,,,,,,,
hypoallergen hsd 24 small dog сухой корм для взрослый собака мелкий порода при пищевой аллергия 3.5 кг 1 шт@1118,,сухой корм для взрослый стерилизовать кошка кастрировать кот высокий содержание индейка 7 кг 1 шт@1750,,,,,,,,,,,,
sterilis влажный корм для взрослый стерилизовать кошка кусочек соус паучахнуть 85 г 24 шт@1123,,adult smallmini sensit skin optiderma сухой корм для взрослый собака мелкий карликовый порода чувствительный кожа лосось 700 г 1 шт@1837,,,,,,,,,,,,
rottweil puppi сухой корм для щенок порода ротвейлер до 18 месяц 12 кг 1 шт@1145,,delic senior сухой корм для пожилой кошка старший од чувствительный пищеварение привередливый еда индейка 7 г 1 шт@1874,,,,,,,,,,,,
miniatur schnauzer adult сухой корм для взрослый собака порода миниатюрный шнауцер 7.5 кг 1 шт@1154,,cat adult sterilis optidigest сухой корм для взрослый стерилизовать кошка курица 3 кг 1 шт@1880,,,,,,,,,,,,
medium dermacomfort сухой корм для взрослый собака средний порода раздражить зудеть кожа 3 кг 1 шт@1162,,sterilis влажный корм для взрослый стерилизовать кошка индейка желе паучахнуть 85 г 26 шт@1923,,,,,,,,,,,,
urinari so moder calori сухой диетический корм для взрослый кошка при мкб ожирение 1.5 кг 1 шт@1163,,cat adult light optilight сухой корм диетический для взрослый кошка индейка 1.5 кг 1 шт@1957,,,,,,,,,,,,
chihuahua puppi сухой корм для щенок порода чихуахуа 1.5 кг 1 шт@1175,,delic optidigest сухой корм для взрослый кошка чувствительный пищеварение или особый предпочтение еда ягнёнок 400 г 1 шт@1964,,,,,,,,,,,,
sphynx kitten сухой корм для котёнок порода сфинкс до 12 месяц 2 кг 1 шт@1186,,cat adult eleg optiderma сухой корм для взрослый кошка для здоровье шерсть кожа лосось 400 г 1 шт@1996,,,,,,,,,,,,
mini urinari care сухой корм для взрослый собака мелкий порода проблема мочевыделительный система 1 кг 1 шт@1202,,purina actiprotect сухой корм для собака средний порода чувствительный пищеварение ягнёнок 10 кг 1 шт@1998,,,,,,,,,,,,
hepat HF16 сухой корм для взрослый собака при заболевание печень 1.5 кг 1 шт@1205,,kitten влажный корм для котёнок курица желе паучахнуть 85 г 26 шт@2002,,,,,,,,,,,,
golden retriev adult сухой корм для взрослый собака порода голденретривер 12 кг 1 шт@1220,,adult medium larg sensit optidigest grain free сухой беззерновой корм для взрослый собака средний крупный порода чувствительный пищеварение индейка 12 кг 1 шт@2047,,,,,,,,,,,,
gastrointestin low fat сухой корм для взрослый собака весь порода при нарушение пищеварение 1.5 кг 1 шт@1224,,puppi medium optiderma сухой корм для щенок средний порода чувствительный кожа лосось 12 кг 1 шт@2107,,,,,,,,,,,,
sterilis влажный корм для взрослый стерилизовать кошка кусочек желе паучахнуть 85 г 24 шт@1229,,small mini adult optiag сухой корм для взрослый собака старший од мелкий карликовый порода курица 9 г 1 шт@2173,,,,,,,,,,,,
neuter adult small dog сухой корм для взрослый кастрировать собака мелкий порода 3.5 кг 1 шт@1307,,duo delic сухой корм для взрослый собака средний крупный порода говядина 2.5 кг 1 шт@2175,,,,,,,,,,,,
german shepherd puppi сухой корм для щенок порода немецкий овчарка до 15 месяц 12 кг 1 шт@1369,,влажный корм для кошка собака veterinari diet cn при выздоровление консервы 195 г 24 шт@2176,,,,,,,,,,,,
renal RF23 для взрослый кошка хронический почечный недостаточность 400 г 1 шт@1383,,larg athlet optibal сухой корм для взрослый собака крупный порода атлетический телосложение курица 14 кг 1 шт@2190,,,,,,,,,,,,
labrador retriev adult сухой корм для взрослый собака порода лабрадорретривер 3 кг 1 шт@1384,,kitten влажный корм для котёнок говядина соус паучахнуть 85 г 26 шт@2219,,,,,,,,,,,,
sphynx сухой корм для взрослый кошка порода сфинкс 2 кг 1 шт@1396,,puppi small mini optistart сухой корм для щенок мелкий карликовый порода курица 700 г 1 шт@2220,,,,,,,,,,,,
medium puppi сухой корм для щенок средний порода птица 14 кг 1 шт@1398,,purina actiprotect сухой корм для котёнок индейка 1.5 кг 1 шт@2241,,,,,,,,,,,,
mini puppi сухой корм для щенок мелкий порода до месяц 800 г 1 шт@1418,,natur element derma care сухой корм для взрослый собака мелкий карликовый порода для здоровье кожа шерсть лосось 2 кг 1 шт@2264,,,,,,,,,,,,
urinari care сухой корм для взрослый кошка для профилактика мочекаменный болезнь 2 кг 1 шт@1431,,adult smallmini optibal сухой корм для взрослый собака мелкий карликовый порода курица 3 кг 1 шт@2324,,,,,,,,,,,,
medium adult сухой корм для взрослый собака средний порода свинина 15 кг 1 шт@1438,,adult smallmini duo delic сухой корм для взрослый собака мелкий карликовый порода говядина рис 2.5 кг 1 шт@2352,,,,,,,,,,,,
sensibl 33 сухой корм для взрослый кошка чувствительный пищеварительный система 4 кг 1 шт@1441,,сухой корм для кошка veterinari diet nf renal function advanc care поздний стадия для поддержание функция почка при хронический почечный недостаточность 5 кг 1 шт@2360,,,,,,,,,,,,
mini dental care сухой корм для взрослый собака мелкий порода повышенный чувствительность зуб 3 кг 1 шт@1469,,sterilis влажный корм для взрослый стерилизовать кошка океанический рыба соус паучахнуть 85 г 26 шт@2414,,,,,,,,,,,,
yorkshir terrier adult сухой корм для взрослый собака порода йоркширский терьер старший 10 месяц 500 г 1 шт@1488,,medium sensit skin optiderma сухой корм для взрослый собака средний порода чувствительный кожа лосось 7 кг 1 шт@2475,,,,,,,,,,,,
savour exig сухой корм для взрослый привередливый кошка 4 кг 1 шт@1506,,duo delic сухой корм для взрослый собака средний крупный порода лосось 10 кг 1 шт@2514,,,,,,,,,,,,
german shepherd adult сухой корм для взрослый собака порода немецкий овчарка 3 кг 1 шт@1508,,puppi smallmini sensit skin optiderma сухой корм для щенок мелкий карликовый порода чувствительный кожа лосось 3 кг 1 шт@2549,,,,,,,,,,,,
maxi dermacomfort сухой корм для взрослый собака крупный порода склонный разражения кожа зуд 10 кг 1 шт@1550,,сухой корм для собака veterinari diet om obes manag для снижение избыточный масса тело регуляция поступление глюкоза 3 кг 1 шт@2573,,,,,,,,,,,,
fit 32 сухой корм для взрослый кошка бывать на улица 400 г 1 шт@1564,,purina actiprotect сухой корм для стерилизовать кошка индейка 400 г 1 шт@2584,,,,,,,,,,,,
kitten british shorthair сухой корм для котёнок порода британский гладкошёрстный 400 г 1 шт@1567,,natur element сухой корм для взрослый кошка чувствительный пищеварение индейка 1.4 кг 1 шт@2592,,,,,,,,,,,,
neuter satieti balanc сухой корм для взрослый кастрировать кот стерилизовать кошка 3.5 кг 1 шт@1570,,kitten sterilis optistart сухой корм для стерилизовать котёнок лосось 3 кг 1 шт@2593,,,,,,,,,,,,
yorkshir terrier adult сухой корм для взрослый собака порода йоркширский терьер старший 10 месяц 1.5 кг 1 шт@1610,,сухой корм для кошка veterinari diet dm stox diabet manag для регуляция поступление глюкоза при сахарный диабет низкий уровень сахаров 1.5 кг 1 шт@2613,,,,,,,,,,,,
mini starter mother babydog сухой корм для щенок беременная лактировать сука мелкий порода 8.5 кг 1 шт@1628,,adult medium sensit digest optidigest сухой корм для взрослый собака средний порода чувствительный пищеварение ягнёнок рис 1.5 кг 1 шт@2619,,,,,,,,,,,,
mini adult сухой корм для взрослый собака мелкий порода 2 кг 1 шт@1656,,сухой корм для кошка veterinari diet ha stox hypoallergen для снижение пищевой непереносимость ингредиент питательный вещество 325 г 1 шт@2630,,,,,,,,,,,,
xsmall puppi сухой корм для щенок миниатюрный порода 500 г 1 шт@1695,,cat adult sterilis optiren сухой корм для взрослый стерилизовать кошка лосось 3 кг 1 шт@2637,,,,,,,,,,,,
club cc сухой корм для собака 20 кг 1 шт@1731,,cat adult sterilis optiren сухой корм для взрослый стерилизовать кошка лосось 1.5 кг 1 шт@2649,,,,,,,,,,,,
giant junior сухой корм для молодой собака гигантский порода курица 3.5 кг 1 шт@1736,,liveclear sterilis сухой корм для взрослый стерилизовать кошка для снижение количество аллерген шерсть индейка 400 г 1 шт@2741,,,,,,,,,,,,
yorkshir terrier adult сухой корм для взрослый собака порода йоркширский терьер старший 10 месяц 7.5 кг 1 шт@1758,,сухой корм для собака veterinari diet ur urinari для растворение струвитный камень 1.5 кг 1 шт@2755,,,,,,,,,,,,
dachshund adult сухой корм для взрослый собака порода такса 1.5 кг 1 шт@1761,,puppi medium optiderma сухой корм для щенок средний порода чувствительный кожа лосось 3 кг 1 шт@2775,,,,,,,,,,,,
queen сухой корм для кошка период течка беременность лактация 10 кг 1 шт@1767,,delic optidigest сухой корм для котёнок чувствительный пищеварение или особый предпочтение еда индейка 400 г 1 шт@2798,,,,,,,,,,,,
light weight care сухой корм для взрослый кошка склонность избыточный вес 1.5 кг 1 шт@1790,,adult medium optibal сухой корм для взрослый собака средний порода курица 14 кг 1 шт@2828,,,,,,,,,,,,
hair skin care сухой корм для взрослый кошка проблемный шерсть чувствительный кожа 2 кг 1 шт@1810,,adult larg athlet optidigest сухой корм для взрослый собака крупный порода атлетический телосложение чувствительный пищеварение ягнёнок 3 кг 1 шт@2863,,,,,,,,,,,,
main coon adult сухой корм для взрослый кошка порода мейнкун старший 15 месяц 4 кг 1 шт@1818,,puppi small mini optistart сухой корм для щенок мелкий карликовый порода курица 3 кг 1 шт@2881,,,,,,,,,,,,
maxi puppi сухой корм для щенок крупный порода до 15 месяц 15 кг 1 шт@1819,,cat adult optisens сухой корм для взрослый кошка лосось 3 кг 1 шт@2899,,,,,,,,,,,,
indoor long hair сухой корм для взрослый домашний длинношёрстный кошка 2 кг 1 шт@1827,,adult sterilis optiren сухой корм для взрослый стерилизовать кошка индейка 10 кг 1 шт@2916,,,,,,,,,,,,
mini puppi сухой корм для щенок мелкий порода до месяц 4 кг 1 шт@1834,,veterinari diet влажный корм для взрослый кошка при проблема жкт консервы 195 г 24 шт@2927,,,,,,,,,,,,
instinct влажный корм для взрослый кошка кусочек соус паучахнуть 85 г 24 шт@1847,,kitten optistart сухой корм для котёнок до год курица 3 кг 1 шт@2932,,,,,,,,,,,,
kitten 34 сухой корм для котёнок от до 12 месяц птица 4 кг 1 шт@1850,,delic optidigest сухой корм для взрослый кошка чувствительный пищеварение или особый предпочтение еда индейка 400 г 1 шт@2939,,,,,,,,,,,,
medium adult сухой корм для пожилой собака средний порода старший од 7 г 1 шт@1854,,adult dog larg athlet optidigest сухой корм для взрослый собака крупный порода атлетический телосложение чувствительный пищеварение ягнёнок 14 кг 1 шт@2985,,,,,,,,,,,,
main coon adult сухой корм для взрослый кошка порода мейнкун 400 г 1 шт@1865,,cat adult optisens сухой корм для взрослый кошка лосось 1.5 кг 1 шт@3028,,,,,,,,,,,,
fibr respons сухой корм для взрослый кошка при нарушение пищеварение 400 г 1 шт@1881,,cat adult sterilis optiren сухой корм для взрослый стерилизовать кошка кролик 3 кг 1 шт@3085,,,,,,,,,,,,
age sterilis 12 сухой корм для пожилой стерилизовать кошка старший од птица 12 г 1 шт@1954,,medium larg adult optiag сухой корм для взрослый собака старший од средний крупный порода курица 7 г 1 шт@3126,,,,,,,,,,,,
labrador retriev puppi сухой корм для щенок порода лабрадорретривер до 15 месяц 12 кг 1 шт@1967,,adult влажный корм для взрослый кошка индейка желе паучахнуть 85 г 26 шт@3135,,,,,,,,,,,,
mini dental care сухой корм для взрослый собака мелкий порода повышенный чувствительность зуб 1 кг 1 шт@2028,,opti savour влажный корм для взрослый собака мелкий порода говядина соус паучахнуть 85 г 26 шт@3176,,,,,,,,,,,,
sterilis 37 сухой корм для взрослый стерилизовать кошка 200 г 1 шт@2041,,сухой корм для собака средний порода optibal высокий содержание курица 7 кг 1 шт@3238,,,,,,,,,,,,
urinari so сухой корм для взрослый собака при мкб 13 кг 1 шт@2059,,сухой корм для кошка veterinari diet om stox obes mangement для снижение избыточный масса тело 1.5 кг 1 шт@3267,,,,,,,,,,,,
urinari so сухой диетический корм для взрослый собака при мкб 2 кг 1 шт@2068,,влажный корм для собака veterinari diet om obes manag при ожирение паштет 400 г 12 шт@3282,,,,,,,,,,,,
maxi joint care сухой корм для взрослый собака крупный порода заболевание сустав 10 кг 1 шт@2083,,cat adult sterilis optiren сухой корм для взрослый стерилизовать кошка кролик 400 г 1 шт@3289,,,,,,,,,,,,
exig protein prefer сухой корм для взрослый кошка привередливый состав 2 кг 1 шт@2096,,opti savour влажный корм для взрослый собака мелкий порода при чувствительный пищеварение лосось соус паучахнуть 85 г 26 шт@3319,,,,,,,,,,,,
neuter adult small dog сухой корм для взрослый кастрировать собака мелкий порода 800 г 1 шт@2105,,natur element sterilis сухой корм для взрослый стерилизовать кошка курица 1.4 кг 1 шт@3346,,,,,,,,,,,,
kitten 34 сухой корм для котёнок от до 12 месяц птица 300 г 1 шт@2112,,opti savour влажный корм для взрослый собака мелкий порода утка соус паучахнуть 85 г 26 шт@3352,,,,,,,,,,,,
maxi digest care сухой корм для собака крупный порода чувствительный пищеварение 12 кг 1 шт@2114,,cat adult sterilis optiren сухой корм для взрослый стерилизовать кошка для поддержание здоровье почка кролик 200 г 1 шт@3396,,,,,,,,,,,,
kitten влажный корм для котёнок до 12 месяц кусочек желе паучахнуть 85 г 24 шт@2129,,opti savour влажный корм для взрослый собака мелкий порода при лишний вес курица соус паучахнуть 85 г 26 шт@3424,,,,,,,,,,,,
felin indoor сухой корм для пожилой кошка до од постоянно проживать помещение птица 12 г 1 шт@2131,,adult smallmini sensit digest optidigest сухой корм для взрослый собака мелкий карликовый порода чувствительный пищеварение ягнёнок 3 кг 1 шт@3442,,,,,,,,,,,,
urinari care сухой корм для взрослый кошка для профилактика мочекаменный болезнь 4 кг 1 шт@2134,,delic сухой корм для взрослый кошка чувствительный пищеварение привередливый еда ягнёнок 3 кг 1 шт@3457,,,,,,,,,,,,
hypoallergen hsd 24 small dog сухой корм для взрослый собака вес до при пищевой аллергия 10 кг 1 шт@2144,,optistart starter larg сухой корм для щенок крупный порода курица 12 кг 1 шт@3464,,,,,,,,,,,,
maxi starter сухой корм для щенок крупный порода период отъём до 2месячного возраст беременная кормить сука 15 кг 1 шт@2164,,cat adult sterilis sensit optisens сухой корм для взрослый стерилизовать кошка для поддержание орган чувство лосось 400 г 1 шт@3475,,,,,,,,,,,,
giant adult сухой корм для взрослый собака гигантский порода 4 кг 1 шт@2174,,adult влажный корм для взрослый кошка ягнёнок соус паучахнуть 85 г 26 шт@3478,,,,,,,,,,,,
bulldog adult сухой корм для взрослый собака порода английский бульдог 12 кг 1 шт@2216,,delic сухой корм для взрослый кошка чувствительный пищеварение или особый предпочтение индейка 3 кг 1 шт@3484,,,,,,,,,,,,
maxi starter mother babydog сухой корм для щенок крупный размер до месяц беременная лактировать сука 4 кг 1 шт@2223,,natur element сухой корм для взрослый собака мелкий карликовый порода ягнёнок 2 кг 1 шт@3514,,,,,,,,,,,,
giant starter mother babydog сухой корм для щенок крупный размер до 2месяцев беременная лактировать сука 15 кг 1 шт@2245,,puppi medium larg grain free сухой беззерновой корм для щенок средний крупный порода чувствительный пищеварение индейка 12 кг 1 шт@3533,,,,,,,,,,,,
main coon kitten сухой корм для котёнок порода мейнкун возраст от до 15 месяц 2 кг 1 шт@2253,,adult влажный корм для взрослый кошка утка соус паучахнуть 85 г 26 шт@3547,,,,,,,,,,,,
siberian adult сухой корм для взрослый кошка сибирский порода 400 г 1 шт@2259,,delic junior optidigest сухой корм для котёнок чувствительный пищеварение или особый предпочтение еда индейка 3 кг 1 шт@3562,,,,,,,,,,,,
felin indoor сухой корм для пожилой кошка до од постоянно проживать помещение птица 12 г 1 шт@2265,,natur element сухой корм для взрослый собака мелкий карликовый порода ягнёнок 700 г 1 шт@3572,,,,,,,,,,,,
medium starter mother babydog сухой корм для щенок средний порода до месяц беременная лактировать сука 4 кг 1 шт@2273,,cat adult sterilis optisavour сухой корм для взрослый стерилизовать кошка утка печень 400 г 1 шт@3573,,,,,,,,,,,,
kitten влажный корм для котёнок до 12 месяц кусочек соус паучахнуть 85 г 24 шт@2297,,sterilis влажный корм для взрослый стерилизовать кошка утка соус паучахнуть 85 г 26 шт@3582,,,,,,,,,,,,
hepat сухой корм для взрослый кошка при заболевание печень 2 кг 1 шт@2318,,cat adult sterilis сухой корм для взрослый стерилизовать кошка курица 10 кг 1 шт@3638,,,,,,,,,,,,
mini digest care сухой корм для взрослый собака мелкий порода чувствительный пищеварение 3 кг 1 шт@2327,,cat adult sterilis optiren сухой корм для взрослый стерилизовать кошка индейка 400 г 1 шт@3653,,,,,,,,,,,,
hair skin care сухой корм для взрослый кошка проблемный шерсть чувствительный кожа 400 г 1 шт@2358,,natur element derma care сухой корм для взрослый собака мелкий карликовый порода для здоровье кожа шерсть лосось 700 г 1 шт@3670,,,,,,,,,,,,
german shepherd puppi сухой корм для щенок порода немецкий овчарка до 15 месяц 3 кг 1 шт@2376,,delic влажный корм для взрослый кошка при чувствительный пищеварение ягнёнок соус паучахнуть 85 г 26 шт@3676,,,,,,,,,,,,
labrador retriev puppi сухой корм для щенок порода лабрадорретривер до 15 месяц 3 кг 1 шт@2378,,sterilis влажный корм для взрослый стерилизовать кошка океанический рыба желе паучахнуть 85 г 26 шт@3699,,,,,,,,,,,,
kitten british shorthair сухой корм для котёнок порода британский гладкошёрстный 2 кг 1 шт@2410,,natur element сухой корм для взрослый кошка для здоровье кожа шерсть лосось 200 г 1 шт@3710,,,,,,,,,,,,
kitten main coon сухой корм для котёнок порода мэйнкун от до 15 месяц 4 кг 1 шт@2411,,puppi medium optistart сухой корм для щенок средний порода курица 3 кг 1 шт@3750,,,,,,,,,,,,
maxi adult сухой корм для взрослый собака крупный порода 3 кг 1 шт@2488,,larg robust optibal сухой корм для взрослый собака крупный порода мощный телосложение курица 14 кг 1 шт@3821,,,,,,,,,,,,
diabet DS37 сухой корм для взрослый собака при сахарный диабет 1.5 кг 1 шт@2494,,natur element сухой корм для взрослый стерилизовать кошка курица 7 кг 1 шт@3828,,,,,,,,,,,,
mother babycat сухой корм для котёнок возраст от до месяц кошка период беременность лактация птица 2 кг 1 шт@2501,,cat adult sterilis optiren сухой корм для взрослый стерилизовать кошка индейка 200 г 1 шт@3888,,,,,,,,,,,,
kitten sterilis сухой корм для стерилизовать котёнок 3.5 кг 1 шт@2528,,adult optiren сухой корм для взрослый кошка курица 10 кг 1 шт@3898,,,,,,,,,,,,
hepat HF16 сухой корм для взрослый собака весь порода при заболевание печень 12 кг 1 шт@2536,,kitten sterilis optistart сухой корм для стерилизовать котёнок лосось 400 г 1 шт@3902,,,,,,,,,,,,
diabet сухой корм для взрослый кошка при сахарный диабет 1.5 кг 1 шт@2541,,delicateoptidigest сухой корм для котёнок чувствительный пищеварение или особый предпочтение еда индейка 200 г 1 шт@3929,,,,,,,,,,,,
maxi puppi сухой корм для щенок крупный порода до 15 месяц 3 кг 1 шт@2574,,cat adult sterilis optisavour сухой корм для взрослый стерилизовать кошка треска форель 1.5 кг 1 шт@3980,,,,,,,,,,,,
savour exig сухой корм для взрослый привередливый кошка 200 г 1 шт@2598,,medium optiderma сухой корм для взрослый собака средний порода чувствительный кожа лосось 14 кг 1 шт@4126,,,,,,,,,,,,
neuter satieti balanc сухой корм для взрослый кастрировать кот стерилизовать кошка 300 г 1 шт@2623,,cat adult sterilis optisavour сухой корм для взрослый стерилизовать кошка утка печень 10 кг 1 шт@4244,,,,,,,,,,,,
gastrointestin hairbal сухой корм для взрослый кошка при нарушение пищеварение вызвать наличие волосяной комочек 400 г 1 шт@2625,,purina actiprotect сухой корм для щенок мелкий порода ягнёнок 3 кг 1 шт@4248,,,,,,,,,,,,
maxi adult сухой корм для взрослый собака крупный размер возраст от до од 8 г 1 шт@2696,,cat adult optiren сухой корм для взрослый кошка курица 3 кг 1 шт@4265,,,,,,,,,,,,
mother babycat сухой корм для котёнок возраст от до месяц взрослый кошка период беременность лактация 4 кг 1 шт@2710,,сухой корм для собака veterinari diet nf renal function для поддержание функция почка при хронический почечный недостаточность 3 кг 1 шт@4291,,,,,,,,,,,,
sensibl 33 сухой корм для взрослый кошка чувствительный пищеварительный система 200 г 1 шт@2714,,adult smallmini optibal сухой корм для взрослый собака мелкий карликовый порода курица 7 кг 1 шт@4307,,,,,,,,,,,,
xsmall adult сухой корм для взрослый собака миниатюрный порода от 10 месяц до од 8 г 1 шт@2744,,liveclear kitten сухой корм для котёнок для снижение количество аллерген шерсть индейка 400 г 1 шт@4310,,,,,,,,,,,,
felin indoor сухой корм для пожилой кошка до од постоянно проживать помещение птица 12 г 1 шт@2746,,cat adult sterilis sensit сухой корм для взрослый стерилизовать кошка для поддержание орган чувство лосось 1.5 кг 1 шт@4317,,,,,,,,,,,,
sensit control SC21 сухой корм для взрослый собака аллергия или пищевой непереносимость 7 кг 1 шт@2765,,larg athlet optiderma сухой корм для взрослый собака крупный порода атлетический телосложение чувствительный кожа лосось 14 кг 1 шт@4385,,,,,,,,,,,,
hair skin care сухой корм для взрослый кошка проблемный шерсть чувствительный кожа 10 кг 1 шт@2767,,delic junior optidigest сухой корм для котёнок чувствительный пищеварение или особый предпочтение еда индейка 10 кг 1 шт@4395,,,,,,,,,,,,
fit 32 сухой корм для взрослый кошка бывать на улица 4 кг 1 шт@2789,,cat adult sterilis optisavour сухой корм для взрослый стерилизовать кошка утка печень 3 кг 1 шт@4402,,,,,,,,,,,,
skin coat сухой корм для взрослый стерилизовать кошка чувствительный кожа 3.5 кг 1 шт@2801,,purina adult сухой корм для взрослый кошка лосось 400 г 1 шт@4432,,,,,,,,,,,,
medium dermacomfort сухой корм для взрослый собака средний порода раздражить зудеть кожа 10 кг 1 шт@2810,,puppi larg athlet optistart сухой корм для щенок крупный порода атлетический телосложение курица 3 кг 1 шт@4442,,,,,,,,,,,,
giant puppi сухой корм для щенок гигантский порода до месяц курица 15 кг 1 шт@2865,,delic optidigest сухой корм для взрослый кошка чувствительный пищеварение или особый предпочтение еда индейка 10 кг 1 шт@4459,,,,,,,,,,,,
sphynx сухой корм для взрослый кошка порода сфинкс 400 г 1 шт@2871,,сухой корм purina для кошка чувствительный пищеварение привередливый еда ягнёнок 10 кг 1 шт@4629,,,,,,,,,,,,
giant puppi сухой корм для щенок гигантский порода до месяц курица 3.5 кг 1 шт@2880,,cat adult eleg optiderma сухой корм для взрослый кошка для здоровье шерсть кожа лосось 10 кг 1 шт@4636,,,,,,,,,,,,
sphynx сухой корм для взрослый кошка порода сфинкс 10 кг 1 шт@2895,,purina actiprotect сухой корм для щенок средний порода ягнёнок 3 кг 1 шт@4658,,,,,,,,,,,,
labrador retriev adult сухой корм для взрослый собака порода лабрадорретривер 12 кг 1 шт@2901,,adult optisens сухой корм для взрослый кошка лосось 10 кг 1 шт@4708,,,,,,,,,,,,
hepat HF16 сухой корм для взрослый собака весь порода при заболевание печень 6 кг 1 шт@2923,,puppi larg robust optistart сухой корм для щенок крупный порода мощный телосложение курица 12 кг 1 шт@4713,,,,,,,,,,,,
light weight care сухой корм для взрослый кошка склонность избыточный вес 400 г 1 шт@2947,,cat adult sterilis optiren сухой корм для взрослый стерилизовать кошка лосось 10 кг 1 шт@4727,,,,,,,,,,,,
bulldog adult сухой корм для взрослый собака порода английский бульдог 3 кг 1 шт@2949,,сухой корм для кошка veterinari diet om stox obes mangement для снижение избыточный масса тело 350 г 1 шт@4743,,,,,,,,,,,,
neuter satieti balanc сухой корм для кастрировать кот стерилизовать кошка 1.5 кг 1 шт@2961,,сухой корм для собака veterinari diet ha hypoallergen для снижение пищевой непереносимость ингредиент питательный вещество 11 кг 1 шт@4783,,,,,,,,,,,,
indoor сухой корм для взрослый кошка жить помещение 200 г 1 шт@2975,,сухой корм для собака veterinari diet en gastrointestin при расстройство пищеварение 12 кг 1 шт@4798,,,,,,,,,,,,
chihuahua adult сухой корм для взрослый собака порода чихуахуа 500 г 1 шт@2982,,сухой корм для собака veterinari diet drm dermatosi при дерматоз выпадение шерсть 12 кг 1 шт@4808,,,,,,,,,,,,
queen сухой корм для кошка период течка беременность лактация 4 кг 1 шт@2990,,,,,,,,,,,,,,
medium digest care сухой корм для собака чувствительный пищеварительный система 12 кг 1 шт@3030,,,,,,,,,,,,,,
sensit control felin диетический влажный корм для кошка при пищевой аллергия непереносимость паучахнуть 85 г 28 шт@3035,,,,,,,,,,,,,,
urinari so moder calori felin сухой корм для взрослый кошка при заболевание мочевыделительный система россия 400 г 1 шт@3043,,,,,,,,,,,,,,
renal сухой корм для взрослый кошка хронический почечный недостаточность 2 кг 1 шт@3080,,,,,,,,,,,,,,
hypoallergen DR21 сухой корм для взрослый собака при пищевой аллергия или непереносимость 2 кг 1 шт@3083,,,,,,,,,,,,,,
neuter adult сухой корм для взрослый кастрировать собака 3.5 кг 1 шт@3103,,,,,,,,,,,,,,
diabet сухой корм для взрослый кошка при сахарный диабет 400 г 1 шт@3113,,,,,,,,,,,,,,
exig protein prefer сухой корм для взрослый кошка привередливый состав 4 кг 1 шт@3138,,,,,,,,,,,,,,
appetit control сухой корм для взрослый кошка предрасположенный набор лишний вес 2 кг 1 шт@3163,,,,,,,,,,,,,,
maxi age сухой корм для пожилой собака крупный размер старший од 8 г 1 шт@3261,,,,,,,,,,,,,,
medium digest care сухой корм для взрослый собака чувствительный пищеварительный система 10 кг 1 шт@3281,,,,,,,,,,,,,,
diabet DS37 сухой корм для взрослый собака при сахарный диабет 12 кг 1 шт@3311,,,,,,,,,,,,,,
golden retriev adult сухой корм для взрослый собака порода голденретривер 3 кг 1 шт@3335,,,,,,,,,,,,,,
kitten sterilis сухой корм для стерилизовать котёнок 400 г 1 шт@3376,,,,,,,,,,,,,,
mini coat care сухой корм для взрослый собака мелкий порода тусклый сухой шерсть 1 кг 1 шт@3459,,,,,,,,,,,,,,
rottweil adult сухой корм птица для взрослый собака порода ротвейлер старший 18 месяц 12 кг 1 шт@3462,,,,,,,,,,,,,,
kitten 34 сухой корм для котёнок от до 12 месяц птица 2 кг 1 шт@3474,,,,,,,,,,,,,,
maxi dermacomfort сухой корм для взрослый собака крупный порода склонный разражения кожа зуд 3 кг 1 шт@3556,,,,,,,,,,,,,,
mini coat care сухой корм для взрослый собака мелкий порода тусклый сухой шерсть 3 кг 1 шт@3558,,,,,,,,,,,,,,
maxi joint care сухой корм для взрослый собака крупный порода заболевание сустав 3 кг 1 шт@3583,,,,,,,,,,,,,,
persian сухой корм для взрослый кошка персидский порода 4 кг 1 шт@3594,,,,,,,,,,,,,,
renal сухой корм для взрослый собака хронический почечный недостаточность 2 кг 1 шт@3615,,,,,,,,,,,,,,
urinari so moder calori felin сухой корм для взрослый кошка при заболевание мочевыделительный система россия 7 кг 1 шт@3623,,,,,,,,,,,,,,
medium starter mother babydog сухой корм для щенок средний порода до месяц беременная лактировать сука 12 кг 1 шт@3659,,,,,,,,,,,,,,
gastrointestin hairbal сухой корм для взрослый кошка при нарушение пищеварение вызвать наличие волосяной комочек 2 кг 1 шт@3687,,,,,,,,,,,,,,
mini digest care сухой корм для взрослый собака мелкий порода чувствительный пищеварение 1 кг 1 шт@3706,,,,,,,,,,,,,,
skin coat сухой корм для взрослый стерилизовать кошка чувствительный кожа 400 г 1 шт@3713,,,,,,,,,,,,,,
gastrointestin moder calori низкокалорийный сухой корм для взрослый кошка нарушение работа пищеварительный система 400 г 1 шт@3729,,,,,,,,,,,,,,
hairbal care сухой корм для взрослый кошка для выведение шерсть из желудок 10 кг 1 шт@3763,,,,,,,,,,,,,,
exig 3530 savour sensat сухой корм для взрослый кошка привередливый вкус продукт птица 10 кг 1 шт@3771,,,,,,,,,,,,,,
neuter satieti balanc сухой корм для взрослый кастрировать кот стерилизовать кошка 8 кг 1 шт@3859,,,,,,,,,,,,,,
indoor сухой корм для взрослый кошка жить помещение 10 кг 1 шт@3987,,,,,,,,,,,,,,
kitten british shorthair сухой корм для котёнок порода британский гладкошёрстный 10 кг 1 шт@4040,,,,,,,,,,,,,,
kitten main coon сухой корм для котёнок порода мэйнкун от до 15 месяц 10 кг 1 шт@4140,,,,,,,,,,,,,,
mini dermacomfort сухой корм для взрослый собака мелкий порода склонный разражения кожа зуд 1 кг 1 шт@4235,,,,,,,,,,,,,,
fit 32 сухой корм для взрослый кошка бывать на улица 200 г 1 шт@4241,,,,,,,,,,,,,,
boxer 26 корм для взрослый собака порода боксёр 12 кг 1 шт@4616,,,,,,,,,,,,,,
exig protein prefer сухой корм для взрослый кошка привередливый состав 10 кг 1 шт@4682,,,,,,,,,,,,,,
indoor long hair сухой корм для взрослый домашний длинношёрстный кошка 10 кг 1 шт@4697,,,,,,,,,,,,,,
kitten persian сухой корм для котёнок персидский порода от до 12 месяц беременная кормить кошка птица 10 кг 1 шт@4772,,,,,,,,,,,,,,
renal сухой корм для взрослый собака хронический почечный недостаточность 14 кг 1 шт@4794,,,,,,,,,,,,,,
gastrointestin сухой корм для взрослый собака при нарушение пищеварение 15 кг 1 шт@4795,,,,,,,,,,,,,,
main coon adult сухой корм для взрослый кошка порода мейнкун 10 кг 1 шт@4796,,,,,,,,,,,,,,
fit 32 сухой корм для взрослый кошка бывать на улица 15 кг 1 шт@4797,,,,,,,,,,,,,,
sensit control SC21 сухой корм для взрослый собака аллергия или пищевой непереносимость 14 кг 1 шт@4802,,,,,,,,,,,,,,
